Authors;Article Title;DOI;Publication Year;Does the paper define justice indicators? (0=nope, 1=probably/on the side, 2=yes, 3=exeptional)(M);Does the paper implement justice indicators? (0=nope, 1=probably/on the side, 2=yes, 3=exeptional)(M);Does the paper assess injustices between different defined groups? (0=nope, 1=probably/on the side, 2=yes, 3=exeptional)(M);Is the paper describing justice in (1) a numerical approach, (2) a theoretical framework or (3) with other means?(M);Which topic does the paper mainly address? (1) regional equity (eg. carbon emissions), (2) carbon pricing or tax, (3) SDG, (4) electrification, (5) the water-energy-nexus, (6) energy transition (7) policy, (8) data science/correlation or (9) else.(M);Paper must be included! (Veto)(M);Does the paper define justice indicators? (0=nope, 1=probably/on the side, 2=yes, 3=exeptional)(J);Does the paper implement justice indicators? (0=nope, 1=probably/on the side, 2=yes, 3=exeptional)(J);Does the paper assess injustices between different defined groups? (0=nope, 1=probably/on the side, 2=yes, 3=exeptional)(J);Is the paper describing justice in (1) a numerical approach, (2) a theoretical framework or (3) with other means?(J);Paper must be included! (Veto)(J);Assignee
"Liu, Zheng; Hu, Bin; Huang, Bangtong; Lang, Lingling; Guo, Hangxin; Zhao, Yuanjun";Decision Optimization of Low-Carbon Dual-Channel Supply Chain of Auto Parts Based on Smart City Architecture;10.1155/2020/2145951;2020;0;0;0;1;9;False;2;2;1;1;False;Any
"Turek-Hankins, Lynee L.; Hino, Miyuki; Mach, Katharine J.";Risk screening methods for extreme heat: Implications for equity-oriented adaptation;10.1371/journal.pone.0240841;2020;1;2;2;1;8;False;0;0;0;3;False;Martha
"Chapman, Andrew; Shigetomi, Yosuke";Visualizing the shape of society: An analysis of public bads and burden allocation due to household consumption using an input-output approach;10.1016/j.scitotenv.2018.05.151;2018;1;2;2;1;9;False;0;0;0;3;False;Any
"Hou, Wenhua; You, Siqi; Zhang, Yuqing";Study on the selection of equity structure of PPP waste-to-energy projects from the perspective of sustainable development;10.1080/09640568.2021.1957795;2022;2;0;0;1;9;False;2;2;2;1;False;Any
"Saxe, Jennie Perey; Boman, John H.; Bondi, Mick; Norton, Urszula; Righetti, Tara K.; Rony, Asif Hasan; Sajjadi, Baharak";Just or bust? Energy justice and the impacts of siting solar pyrolysis biochar production facilities;10.1016/j.erss.2019.101259;2019;2;2;2;1;9;False;1;0;1;2;False;Any
"van der Ploeg, Frederick; Rezai, Armon";Cumulative emissions, unburnable fossil fuel, and the optimal carbon tax;10.1016/j.techfore.2016.10.016;2017;3;2;1;1;9;False;0;1;1;1;False;Any
"Pelz, Setu; Chindarkar, Namrata; Urpelainen, Johannes";Energy access for marginalized communities: Evidence from rural North India, 2015-2018;10.1016/j.worlddev.2020.105204;2021;1;1;1;1;8;False;2;2;3;1;False;Alex
"Tarekegne, B.; Rouleau, M.";An energy justice based approach for electrification planning - an agent-based model;10.1109/GHTC46095.2019.9033126;2019;3;3;3;1;4;True;2;1;2;2;False;Any
"Huang, Hai; Roland-Holst, David; Wang, Can; Cai, Wenjia";China's income gap and inequality under clean energy transformation: A CGE model assessment;10.1016/j.jclepro.2019.119626;2020;3;3;3;1;6;True;1;2;2;1;False;Jonathan
"Cazcarro, Ignacio; Garcia-Gusano, Diego; Iribarren, Diego; Linares, Pedro; Carlos Romero, Jose; Arocena, Pablo; Arto, Inaki; Banacloche, Santacruz; Lechon, Yolanda; Javier Miguel, Luis; Zafrilla, Jorge; Lopez, Luis-Antonio; Langarita, Raquel; Cadarso, Maria-Angeles";Energy-socio-economic-environmental modelling for the EU energy and post-COVID-19 transitions;10.1016/j.scitotenv.2021.150329;2022;2;3;1;2;6;True;1;1;1;2;False;Any
Hampl, Nora;Consume less or grow sustainably? Matching energy systems with Indigenous worldviews in Panama;10.1080/21681376.2022.2081598;2022;2;2;3;2;5;False;2;0;2;2;False;Alex
"Filgueira, Joao Maria; Pereira Junior, Amaro Olimpio; Barbosa de Araujo, Renato Samuel; da Silva, Neilton Fidelis";Economic and Social Impacts of the Oil Industry on the Brazilian Onshore;10.3390/en13081922;2020;1;2;1;1;8;False;2;3;2;1;False;Any
"Reanos, Miguel A. Tovar; Woelfing, Nikolas M.";Household energy prices and inequality: Evidence from German microdata based on the EASI demand system;10.1016/j.eneco.2017.12.002;2018;2;3;2;1;9;True;1;2;1;1;False;Any
Tarekegne, Bethel;Just electrification: Imagining the justice dimensions of energy access and addressing energy poverty;10.1016/j.erss.2020.101639;2020;2;3;2;1;4;True;2;0;2;2;False;Any
"Sharma, Anjali; Banerjee, Rangan";Framework to analyze the spatial distribution of the labor impacts of clean energy transitions;10.1016/j.enpol.2021.112158;2021;3;3;1;1;6;True;1;2;1;2;False;Alex
"Bardhan, Ronita; Debnath, Ramit; Gama, Joao; Vijay, Upadhi";REST framework: A modelling approach towards cooling energy stress mitigation plans for future cities in warming Global South;10.1016/j.scs.2020.102315;2020;3;3;1;1;9;True;1;2;1;1;False;Luisa
"Sovacool, Benjamin K.; Baker, Lucy; Martiskainen, Mari; Hook, Andrew";Processes of elite power and low-carbon pathways: Experimentation, financialisation, and dispossession;10.1016/j.gloenvcha.2019.101985;2019;3;2;2;2;6;True;2;0;2;2;False;Alex
Loeffler, Konstantin;Social discounting, social costs of carbon, and their use in energy system models;10.1088/1748-9326/ac228a;2021;3;3;2;1;6;True;2;1;2;1;False;Martha
"Garvey, Alice; Norman, Jonathan B.; Buchs, Milena; Barrett, John";A ?spatially just? transition? A critical review of regional equity in decarbonisation pathways;10.1016/j.erss.2022.102630;2022;3;3;2;2;6;True;3;0;2;2;True;Martha
"de Wildt, T. E.; Chappin, E. J. L.; van de Kaa, G.; Herder, P. M.; van de Poel, I. R.";Conflicted by decarbonisation: Five types of conflict at the nexus of capabilities and decentralised energy systems identified with an agent-based model;10.1016/j.erss.2020.101451;2020;3;3;3;1;6;True;2;2;2;1;False;Any
Sovacool, Benjamin K.;Who are the victims of low-carbon transitions? Towards a political ecology of climate change mitigation;10.1016/j.erss.2021.101916;2021;3;3;3;2;6;True;3;1;2;2;False;Any
"Neto-Bradley, A.P.; Choudhary, R.; Bazaz, A.B.";Applicability of an `uptake wave' energy transition concept in Indian households;10.1088/1755-1315/294/1/012091;2019;1;1;1;1;8;False;2;1;2;2;False;Any
"Moallemi, Enayat A.; Bertone, Edoardo; Eker, Sibel; Gao, Lei; Szetey, Katrina; Taylor, Nick; Bryan, Brett A.";A review of systems modelling for local sustainability;10.1088/1748-9326/ac2f62;2021;1;1;1;2;3;False;2;1;2;2;False;Any
"Alabi, Oluwafisayo; Abubakar, Aisha; Werkmeister, Astrid; Sule, Suki Dauda";Keeping the lights On or Off: tracking the progress of access to electricity for sustainable development in Nigeria;10.1007/s10708-022-10689-2;2022;2;1;1;1;4;False;2;2;2;3;False;Any
"Schloer, Holger; Hake, Juergen-Friedrich; Venghaus, Sandra";An Integrated Assessment Model for the German Food-Energy-Water Nexus;10.13044/j.sdewes.d5.0182;2018;2;2;0;2;5;False;2;2;2;1;False;Any
Baker, Shalanda H.;Anti-Resilience: A Roadmap for Transformational Justice within the Energy System;;2019;2;2;2;2;6;False;2;0;2;2;False;Alex
Kouton, Jeffrey;The impact of renewable energy consumption on inclusive growth: panel data analysis in 44 African countries;10.1007/s10644-020-09270-z;2021;2;2;2;1;6;True;1;2;1;1;False;Any
Mittal, A.;Integrating consumer adoption modeling in renewable energy expansion planning;10.1109/WSC.2017.8248230;2017;2;2;2;1;6;False;1;2;1;1;False;Any
"Vogel, Jefim; Steinberger, Julia K.; O'Neill, Daniel W.; Lamb, William F.; Krishnakumar, Jaya";Socio-economic conditions for satisfying human needs at low energy use: An international analysis of social provisioning;10.1016/j.gloenvcha.2021.102287;2021;1;1;2;1;8;False;2;2;2;2;False;Luisa
"Baruah, Bipasha; Gaudet, Crystal";Creating and Optimizing Employment Opportunities for Women in the Clean Energy Sector in Canada;Creating and Optimizing Employment Opportunities for Women in the Clean Energy Sector in Canada;2022;2;1;3;2;6;True;2;0;2;2;False;Martha
"Preuss, Sabine; Galvin, Ray; Ghosh, Bipashyee; Duetschke, Elisabeth";Diversity in transition: Is transitions research diverse (enough)?;10.1016/j.eist.2021.10.020;2021;0;1;3;2;9;False;3;1;2;2;False;Any
"Tysiachniouk, Maria; Henry, Laura A.; Lamers, Machiel; van Tatenhove, Jan P. M.";Oil and indigenous people in sub-Arctic Russia: Rethinking equity and governance in benefit sharing agreements;10.1016/j.erss.2017.09.004;2018;2;0;2;2;9;False;3;0;3;2;False;Any
"Melin, Anders; Kronlid, David";Energy Scenarios and Justice for Future Humans: An Application of the Capabilities Approach to the Case of Swedish Energy Politics;10.5324/eip.v13i1.2749;2019;1;2;3;1;6;True;1;2;1;1;False;Any
"Hoicka, Christina E.; Das, Runa R.; Zhao, Yuxu; McMaster, Maria-Louise; Lieu, Jenny; Wyse, Susan";Methodology to identify demand-side low-carbon innovations and their potential impact on socio-technical energy systems;10.1016/j.mex.2021.101295;2021;2;1;1;2;6;False;2;2;2;2;False;Any
"Goelz, Sebastian; Wedderhoff, Oliver";Explaining regional acceptance of the German energy transition by including trust in stakeholders and perception of fairness as socio-institutional factors;10.1016/j.erss.2018.05.026;2018;2;2;1;1;6;False;2;3;2;1;False;Jonathan
"Swennenhuis, Floris; de Gooyert, Vincent; de Coninck, Heleen";Towards a CO2-neutral steel industry: Justice aspects of CO2 capture and storage, biomass- and green hydrogen-based emission reductions;10.1016/j.erss.2022.102598;2022;3;2;2;2;6;True;2;2;1;1;False;Any
"Debnath, Ramit; Simoes, Gianna Monteiro Farias; Bardhan, Ronita; Leder, Solange Maria; Lamberts, Roberto; Sunikka-Blank, Minna";Energy Justice in Slum Rehabilitation Housing: An Empirical Exploration of Built Environment Effects on Socio-Cultural Energy Demand;10.3390/su12073027;2020;3;2;2;1;8;False;2;1;2;1;False;Luisa
"Garcia-Muros, Xaquin; Morris, Jennifer; Paltsev, Sergey";Toward a just energy transition: A distributional analysis of low-carbon policies in the USA;10.1016/j.eneco.2021.105769;2022;2;3;2;1;2;True;1;2;2;1;False;Martha
"Zwickl-Bernhard, Sebastian; Auer, Hans; Golab, Antonia";Equitable decarbonization of heat supply in residential multi-apartment rental buildings: Optimal subsidy allocation between the property owner and tenants;10.1016/j.enbuild.2022.112013;2022;2;2;3;1;6;True;2;2;1;1;False;Luisa
"Estevez, Rodrigo A.; Espinoza, Valeria; Ponce Oliva, Roberto D.; Vasquez-Lavin, Felipe; Gelcich, Stefan";Multi-Criteria Decision Analysis for Renewable Energies: Research Trends, Gaps and the Challenge of Improving Participation;10.3390/su13063515;2021;2;3;0;2;6;False;3;1;3;2;True;Any
"Robinson, Caitlin; Bouzarovski, Stefan; Lindley, Sarah";'Getting the measure of fuel poverty': The geography of fuel poverty indicators in England;10.1016/j.erss.2017.09.035;2018;3;2;2;1;9;True;2;1;2;2;False;Luisa
"Hoicka, Christina E.; Savic, Katarina; Campney, Alicia";Reconciliation through renewable energy? A survey of Indigenous communities, involvement, and peoples in Canada;10.1016/j.erss.2020.101897;2021;2;2;3;2;6;True;2;1;2;2;False;Alex
"Calvo, Ruben; Amigo, Catalina; Billi, Marco; Fleischmann, Matias; Urquiza, Anahi; Alamos, Nicolas; Navea, Jose";Territorial Energy Vulnerability Assessment to Enhance Just Energy Transition of Cities;10.3389/frsc.2021.635976;2021;3;2;2;2;6;True;2;1;2;2;False;Any
"Sliz-Szkliniarz, B.; Eberbach, J.; Hoffmann, B.; Fortin, M.";Assessing the cost of onshore wind development scenarios: Modelling of spatial and temporal distribution of wind power for the case of Poland;10.1016/j.rser.2019.04.039;2019;2;3;2;1;6;False;2;2;1;1;True;Any
"Oswald, Y.; Steinberger, J. K.; Ivanova, D.; Millward-Hopkins, J.";Global redistribution of income and household energy footprints: a computational thought experiment;10.1017/sus.2021.1;2021;2;3;2;1;8;True;1;2;2;1;False;Luisa
"Reames, Tony G.; Daley, Dorothy M.; Pierce, John C.";Exploring the Nexus of Energy Burden, Social Capital, and Environmental Quality in Shaping Health in US Counties;10.3390/ijerph18020620;2021;3;2;2;1;8;True;2;2;1;1;False;Martha
"Proskuryakova, Liliana; Starodubtseva, Alena; Bianco, Vincenzo";Modelling a household tariff for reducing sectoral cross-subsidies in the Russian power market;10.1016/j.energy.2020.118725;2020;2;3;2;1;9;True;2;2;1;1;False;Any
"Cherry, Catherine; Thomas, Gareth; Groves, Chris; Roberts, Erin; Shirani, Fiona; Henwood, Karen; Pidgeon, Nick";A personas-based approach to deliberating local decarbonisation scenarios: Findings and methodological insights;10.1016/j.erss.2021.102455;2022;2;2;3;2;9;True;2;1;2;2;False;Martha
"de Wildt, Tristan E.; Boijmans, Anne R.; Chappin, Emile J. L.; Herder, Paulien M.";An ex ante assessment of value conflicts and social acceptance of sustainable heating systems An agent-based modelling approach;10.1016/j.enpol.2021.112265;2021;3;3;1;1;6;True;2;1;2;2;False;Luisa
"Kanger, Laur; Sovacool, Benjamin K.";Towards a multi-scalar and multi-horizon framework of energy injustice: A whole systems analysis of Estonian energy transition;10.1016/j.polgeo.2021.102544;2022;3;2;0;2;6;True;3;2;2;2;True;Any
"Tidwell, Jacqueline Hettel; Tidwell, Abraham; Nelson, Steffan";Surveying the Solar Power Gap: Assessing the Spatial Distribution of Emerging Photovoltaic Solar Adoption in the State of Georgia, USA;10.3390/su10114117;2018;3;2;2;1;6;True;1;2;2;2;False;Any
"Garcia-Garcia, Pablo; Carpintero, Oscar; Buendia, Luis";Just energy transitions to low carbon economies: A review of the concept and its effects on labour and income;10.1016/j.erss.2020.101664;2020;2;3;2;1;6;True;2;1;2;2;True;Any
"Papada, Lefkothea; Kaliampakos, Dimitris";Development of vulnerability index for energy poverty;10.1016/j.enbuild.2018.11.033;2019;3;2;2;1;8;True;2;1;2;1;False;Any
"Clark, Lara P.; Tabory, Samuel; Tong, Kangkang; Servadio, Joseph L.; Kappler, Kelsey; Xu, Corey Kewei; Lawal, Abiola S.; Wiringa, Peter; Kne, Len; Feiock, Richard; Marshall, Julian D.; Russell, Armistead; Ramaswami, Anu";A data framework for assessing social inequality and equity in multi-sector social, ecological, infrastructural urban systems: Focus on fine-spatial scales;10.1111/jiec.13222;2022;3;3;1;1;9;True;3;1;1;2;False;Any
"Ghosh, Devleena; Bryant, Gareth; Pillai, Priya";Who wins and who loses from renewable energy transition? Large-scale solar, land, and livelihood in Karnataka, India;10.1080/14747731.2022.2038404;2022;3;2;3;1;6;False;2;2;2;2;True;Any
"Ashayeri, Mehdi; Abbasabadi, Narjes";A framework for integrated energy and exposure to ambient pollution (iEnEx) assessment toward low-carbon, healthy, and equitable cities;10.1016/j.scs.2021.103647;2022;3;3;2;1;6;True;2;2;2;1;False;Any
"Forrester, Sydney P.; Reames, Tony G.";Understanding the residential energy efficiency financing coverage gap and market potential;10.1016/j.apenergy.2019.114307;2020;3;2;3;1;7;True;2;2;2;1;False;Any
"Carley, Sanya; Evans, Tom P.; Graff, Michelle; Konisky, David M.";A framework for evaluating geographic disparities in energy transition vulnerability;10.1038/s41560-018-0142-z;2018;3;2;3;1;9;True;2;2;2;2;False;Any
"Montenegro, Roland Cunha; Fragkos, Panagiotis; Dobbins, Audrey Helen; Schmid, Dorothea; Pye, Steve; Fahl, Ulrich";Beyond the Energy System: Modeling Frameworks Depicting Distributional Impacts for Interdisciplinary Policy Analysis;10.1002/ente.202000668;2021;3;3;2;2;6;True;3;1;2;2;True;Martha
"Sergi, Brian J.; Adams, Peter J.; Muller, Nicholas Z.; Robinson, Allen L.; Davis, Steven J.; Marshall, Julian D.; Azevedo, Ines L.";Optimizing Emissions Reductions from the US Power Sector for Climate and Health Benefits;10.1021/acs.est.9b06936;2020;3;3;2;1;6;True;2;3;1;1;True;Martha
"Burbidge, Manon K.; Adams, C. A.";An assessment of social and environmental impacts of a new shale gas industry in the Vale of Pickering, North Yorkshire;10.1080/13549839.2020.1786807;2020;3;3;2;1;9;True;2;2;2;1;False;Any
"Jessel, Sonal; Sawyer, Samantha; Hernandez, Diana";Energy, Poverty, and Health in Climate Change: A Comprehensive Review of an Emerging Literature;10.3389/fpubh.2019.00357;2019;3;2;3;2;9;True;2;2;2;2;False;Any
"Ross, Elizabeth; Day, Megan; Ivanova, Christiana; McLeod, Akua; Lockshin, Jane";Intersections of disadvantaged communities and renewable energy potential: Data set and analysis to inform equitable investment prioritization in the United States;10.1016/j.ref.2022.02.002;2022;3;3;3;1;9;True;3;2;2;1;False;Martha
"Wood, Nathan; Roelich, Katy";Substantiating Energy Justice: Creating a Space to Understand Energy Dilemmas;10.3390/su12051917;2020;1;2;1;2;9;False;1;1;1;2;False;Alex
"Capmourteres, Virginia; Shaw, Stephanie; Miedema, Liane; Anand, Madhur";A complex systems framework for the sustainability doughnut;10.1002/pan3.10048;2019;2;1;1;1;9;True;2;1;0;2;True;Any
"Rao, Narasimha D.; van Ruijven, Bas J.; Riahi, Keywan; Bosetti, Valentina";Improving poverty and inequality modelling in climate research;10.1038/s41558-017-0004-x;2017;1;1;2;2;9;False;2;0;1;2;False;Any
"Gladkykh, Ganna; Daviosdottir, Brynhildur; Diemer, Arnaud";When justice narratives meet energy system models: Exploring energy sufficiency, sustainability, and universal access in Sub-Saharan Africa;10.1016/j.erss.2021.102075;2021;2;2;1;1;4;True;1;2;1;1;True;Luisa
"Cook, David; Davidsdottir, Brynhildur; Gunnarsdottir, Ingunn";A Conceptual Exploration of How the Pursuit of Sustainable Energy Development Is Implicit in the Genuine Progress Indicator;10.3390/en15062129;2022;2;1;1;2;3;False;2;1;2;2;False;Any
"Knox, Stephen; Hannon, Matthew; Stewart, Fraser; Ford, Rebecca";The (in)justices of smart local energy systems: A systematic review, integrated framework, and future research agenda;10.1016/j.erss.2021.102333;2022;2;2;1;2;6;False;2;0;2;2;False;Any
"Hancock, Linda; Ralph, Natalie";A framework for assessing fossil fuel 'retrofit' hydrogen exports: Security-justice implications of Australia's coal-generated hydrogen exports to Japan;10.1016/j.energy.2021.119938;2021;2;2;1;2;9;False;2;1;1;2;False;Any
Sayan, Ramazan Caner;Exploring place-based approaches and energy justice: Ecology, social movements, and hydropower in Turkey;10.1016/j.erss.2019.101234;2019;2;1;1;1;9;False;2;1;2;2;False;Any
"Sovacool, Benjamin K.; Martiskainen, Mari; Hook, Andrew; Baker, Lucy";Decarbonization and its discontents: a critical energy justice perspective on four low-carbon transitions;10.1007/s10584-019-02521-7;2019;3;0;1;2;6;True;3;0;2;2;True;Any
"Sovacool, Benjamin K.; Hess, David J.; Cantoni, Roberto";Energy transitions from the cradle to the grave: A meta-theoretical framework integrating responsible innovation, social practices, and energy justice;10.1016/j.erss.2021.102027;2021;1;3;1;2;6;False;2;1;1;2;False;Any
"Hubacek, Klaus; Baiocchi, Giovanni; Feng, Kuishuang; Castillo, Raul Munoz; Sun, Laixiang; Xue, Jinjun";Global carbon inequality;10.1007/s40974-017-0072-9;2017;1;2;2;1;1;False;2;2;2;1;False;Any
"Olner, Dan; Mitchell, Gordon; Heppenstall, Alison; Pryce, Gwilym";The spatial economics of energy justice: modelling the trade impacts of increased transport costs in a low carbon transition and the implications for UK regional inequality;10.1016/j.enpol.2020.111378;2020;2;2;2;1;1;False;1;2;2;1;False;Any
"Szep, Tekla; Toth, Geza; LaBelle, Michael Carnegie";Farewell to the European Union's east-west divide: Decoupling energy lifts the well-being of households, 2000-2018;10.15196/RS120307;2022;1;2;2;1;1;False;2;2;2;1;False;Any
"Hsu, Angel; Chakraborty, Tirthankar; Thomas, Ryan; Manya, Diego; Weinfurter, Amy; Chin, Nicholas Jian Wei; Goyal, Nihit; Feierman, Andrew";Measuring What Matters, Where It Matters: A Spatially Explicit Urban Environment and Social Inclusion Index for the Sustainable Development Goals;10.3389/frsc.2020.556484;2020;1;2;2;1;3;False;3;1;2;2;False;Any
"Djanibekov, Utkur; Gaur, Varun";Nexus of energy use, agricultural production, employment and incomes among rural households in Uttar Pradesh, India;10.1016/j.enpol.2017.11.023;2018;1;2;2;1;4;False;2;2;2;1;False;Any
Mader, Sebastian;The nexus between social inequality and CO2 emissions revisited: Challenging its empirical validity;10.1016/j.envsci.2018.08.009;2018;1;2;2;1;8;False;2;2;2;1;False;Any
"Broto, Vanesa Castan; Calvet, Martin Sanzana";Sacrifice zones and the construction of urban energy landscapes in Concepcion, Chile;10.2458/v27i1.23059;2020;2;2;2;2;9;True;2;1;2;2;False;Any
Reguant, Mar;The Efficiency and Sectoral Distributional Impacts of Large-Scale Renewable Energy Policies;10.1086/701190;2019;2;2;1;1;9;False;2;2;2;1;False;Martha
"Bozeman, Joe F., III; Nobler, Erin; Nock, Destenie";A Path Toward Systemic Equity in Life Cycle Assessment and Decision-Making: Standardizing Sociodemographic Data Practices;10.1089/ees.2021.0375;2022;2;2;2;2;9;True;2;1;2;2;False;Martha
Cholibois, Tim;Electrifying the 'eighth continent': exploring the role of climate finance and its impact on energy justice and equality in Madagascar's planned energy transition;10.1007/s10584-019-02644-x;2020;1;2;2;2;4;False;3;1;2;2;False;Any
"Oyewo, Ayobami Solomon; Solomon, A. A.; Bogdanov, Dmitrii; Aghahosseini, Arman; Mensah, Theophilus Nii Odai; Ram, Manish; Breyer, Christian";Just transition towards defossilised energy systems for developing economies: A case study of Ethiopia;10.1016/j.renene.2021.05.029;2021;2;2;1;1;6;False;2;2;2;1;True;Any
"Minh-Thu Nguyen; Batel, Susana";A Critical Framework to Develop Human-Centric Positive Energy Districts: Towards Justice, Inclusion, and Well-Being;10.3389/frsc.2021.691236;2021;2;1;2;2;6;False;2;2;2;2;False;Alex
"O'Shaughnessy, Eric; Barbose, Galen; Wiser, Ryan; Forrester, Sydney; Darghouth, Naim";The impact of policies and business models on income equity in rooftop solar adoption;10.1038/s41560-020-00724-2;2021;2;2;2;1;6;False;2;2;1;2;False;Martha
Scott, Kimberly A.;Reconciliation and Energy Democracy;10.3138/cjpe.68844;2020;2;0;3;2;7;True;3;1;2;2;True;Any
"Kamali Saraji, Mahyar; Streimikiene, Dalia; Ciegis, Remigijus";A novel Pythagorean fuzzy-SWARA-TOPSIS framework for evaluating the EU progress towards sustainable energy development;10.1007/s10661-021-09685-9;2022;2;2;1;1;8;False;3;2;1;1;False;Any
"Lazoroska, Daniela; Palm, Jenny; Bergek, Anna";Perceptions of participation and the role of gender for the engagement in solar energy communities in Sweden;10.1186/s13705-021-00312-6;2021;2;2;2;1;8;False;2;1;2;2;False;Any
"Calver, Philippa; Mander, Sarah; Ghanem, Dana Abi";Low carbon system innovation through an energy justice lens: Exploring domestic heat pump adoption with direct load control in the United Kingdom;10.1016/j.erss.2021.102299;2022;2;1;2;2;9;False;2;2;2;2;False;Luisa
"Hoffman, Jesse; Davies, Megan; Bauwens, Thomas; Spath, Philipp; Hajer, Maarten A.; Arifi, Bleta; Bazaz, Amir; Swilling, Mark";Working to align energy transitions and social equity: An integrative framework linking institutional work, imaginaries and energy justice;10.1016/j.erss.2021.102317;2021;1;2;2;2;9;False;3;1;2;2;False;Alex
"Urquiza, Anahi; Amigo, Catalina; Billi, Marco; Calvo, Ruben; Labrana, Julio; Oyarzun, Tamara; Valencia, Felipe";Quality as a hidden dimension of energy poverty in middle-development countries. Literature review and case study from Chile;10.1016/j.enbuild.2019.109463;2019;3;1;2;2;9;False;2;1;2;2;False;Any
"Canale, Laura; Battaglia, Vittoria; Ficco, Giorgio; Puglisi, Giovanni; Dell'Isola, Marco";Dynamic Evaluation of Heat Thefts Due to Different Thermal Performances and Operations between Adjacent Dwellings;10.3390/app10072436;2020;2;2;2;1;9;False;1;2;2;1;False;Luisa
"Milchram, Christine; Hillerbrand, Rafaela; van de Kaa, Geerten; Doorn, Neelke; Kunneke, Rolf";Energy Justice and Smart Grid Systems: Evidence from the Netherlands and the United Kingdom;10.1016/j.apenergy.2018.08.053;2018;2;2;2;2;6;False;3;1;1;2;True;Any
"Milchram, Christine; Kuenneke, Rolf; Doorn, Neelke; van de Kaa, Geerten; Hillerbrand, Rafaela";Designing for justice in electricity systems: A comparison of smart grid experiments in the Netherlands;10.1016/j.enpol.2020.111720;2020;3;2;1;2;6;True;3;1;1;2;True;Any
"Fortier, Marie-Odile P.; Teron, Lemir; Reames, Tony G.; Munardy, Dynta Trishana; Sullivan, Breck M.";Introduction to evaluating energy justice across the life cycle: A social life cycle assessment approach;10.1016/j.apenergy.2018.11.022;2019;3;0;3;2;6;True;3;0;2;2;True;Any
"Singh, Shweta; Upadhyay, Surya Prakash; Powar, Satvasheel";Developing an integrated social, economic, environmental, and technical analysis model for sustainable development using hybrid multi-criteria decision making methods;10.1016/j.apenergy.2021.118235;2022;2;2;1;1;6;True;2;3;1;1;True;Alex
"Dou, Yue; Zhao, Jun; Dong, Xiucheng; Dong, Kangyin";Quantifying the impacts of energy inequality on carbon emissions in China: A household-level analysis;10.1016/j.eneco.2021.105502;2021;2;2;1;1;8;True;2;2;2;1;True;Any
"Sovacool, Benjamin K.; Barnacle, Max Lacey; Smith, Adrian; Brisbois, Marie Claire";Towards improved solar energy justice: Exploring the complex inequities of household adoption of photovoltaic panels;10.1016/j.enpol.2022.112868;2022;2;3;1;2;6;True;2;1;2;2;True;Alex
"Lacey-Barnacle, M.; Robison, R.; Foulds, C.";Energy justice in the developing world: a review of theoretical frameworks, key research themes and policy implications;10.1016/j.esd.2020.01.010;2020;2;2;1;2;9;True;3;1;2;2;True;Martha
"Patrizio, Piera; Pratama, Yoga Wienda; Mac Dowell, Niall";Socially Equitable Energy System Transitions;10.1016/j.joule.2020.07.010;2020;2;3;1;1;6;True;2;2;1;2;False;Any
"Mueller, Franziska; Neumann, Manuel; Elsner, Carsten; Claar, Simone";Assessing African Energy Transitions: Renewable Energy Policies, Energy Justice, and SDG 7;10.17645/pag.v9i1.3615;2021;3;2;2;2;4;False;2;2;2;1;False;Any
"Calvin, Katherine; Bond-Lamberty, Ben; Clarke, Leon; Edmonds, James; Eom, Jiyong; Hartin, Corinne; Kim, Sonny; Kyle, Page; Link, Robert; Moss, Richard; McJeon, Haewon; Patel, Pralit; Smith, Steve; Waldhoff, Stephanie; Wise, Marshall";The SSP4: A world of deepening inequality;10.1016/j.gloenvcha.2016.06.010;2017;2;3;1;1;1;False;2;3;2;1;True;Any
Tsagkari, Marula;The need for gender-based approach in the assessment of local energy projects;10.1016/j.esd.2022.03.001;2022;2;2;3;2;6;False;3;1;2;2;False;Any
"Zhou, Shan; Noonan, Douglas S.";Justice Implications of Clean Energy Policies and Programs in the United States: A Theoretical and Empirical Exploration;10.3390/su11030807;2019;2;2;3;1;7;False;2;2;2;2;False;Any
"Best, Rohan; Chareunsy, Andrea; Li, Han";Equity and effectiveness of Australian small-scale solar schemes;10.1016/j.ecolecon.2020.106890;2021;2;1;2;1;8;False;2;2;3;1;False;Any
Belaid, Fateh;Mapping and understanding the drivers of fuel poverty in emerging economies: The case of Egypt and Jordan;10.1016/j.enpol.2021.112775;2022;3;2;2;1;8;False;2;2;2;1;False;Any
Foltyn-Zarychta, Monika;Future-Generation Perception: Equal or Not Equal? Long-Term Individual Discount Rates for Poland;10.3390/en14248218;2021;3;2;1;1;8;False;2;3;2;1;False;Any
"Keady, Walter; Panikkar, Bindu; Nelson, Ingrid L.; Zia, Asim";Energy justice gaps in renewable energy transition policy initiatives in Vermont;10.1016/j.enpol.2021.112608;2021;2;2;3;1;8;False;2;2;2;2;False;Any
"Mueller, J. Tom; Brooks, Matthew M.";Burdened by renewable energy? A multi -scalar analysis of distributional justice and wind energy in the United States;10.1016/j.erss.2019.101406;2020;2;2;3;1;8;False;2;2;2;1;False;Any
"Roddis, Philippa; Carver, Stephen; Dallimer, Martin; Norman, Paul; Ziv, Guy";The role of community acceptance in planning outcomes for onshore wind and solar farms: An energy justice analysis;10.1016/j.apenergy.2018.05.087;2018;3;2;2;1;8;True;3;1;2;2;True;Any
"Scheier, Eric; Kittner, Noah";A measurement strategy to address disparities across household energy burdens;10.1038/s41467-021-27673-y;2022;3;2;2;1;8;False;2;2;2;1;False;Any
"Boucher, Jean Leon; Levenda, Anthony M.; Carpenter, Caleb; Morales-Guerrero, Jorge; Karwat, Darshan M. A.";Environmental justice in Phoenix, Arizona: a neighbourhood deficit and asset score;10.1080/13549839.2021.1916899;2021;2;2;2;1;9;False;2;3;2;1;False;Any
Galvin, Ray;Letting the Gini out of the fuel poverty bottle? Correlating cold homes and income inequality in European Union countries;10.1016/j.erss.2019.101255;2019;2;3;2;1;9;True;2;2;2;1;False;Any
"Perez-Fargallo, Alexis; Rubio-Bellido, Carlos; Pulido-Arcas, Jesus A.; Trebilcock, Maureen";Development policy in social housing allocation: Fuel poverty potential risk index;10.1177/1420326X17713071;2017;3;2;2;1;9;False;2;2;2;2;False;Luisa
"Dong, Feng; Long, Ruyin; Yu, Bolin; Wang, Ying; Li, Jingyun; Wang, Yue; Dai, Yuanju; Yang, Qingliang; Chen, Hong";How can China allocate CO2 reduction targets at the provincial level considering both equity and efficiency? Evidence from its Copenhagen Accord pledge;10.1016/j.resconrec.2017.11.011;2018;2;3;2;1;2;False;2;2;2;1;False;Any
"Yan, Jin; Yang, Junai";Carbon pricing and income inequality:A case study of Guangdong Province, China;10.1016/j.jclepro.2021.126491;2021;2;3;2;1;2;True;2;2;2;1;False;Any
"Landis, Florian; Rausch, Sebastian; Kosch, Mirjam; Bohringer, Christoph";Efficient and Equitable Policy Design: Taxing Energy Use or Promoting Energy Savings?;10.5547/01956574.40.1.flan;2019;2;2;2;1;2;False;2;2;2;1;True;Any
"Zhang, Qifan; Wang, Xin; Hu, Tiesong; Wang, Kang; Gong, Lanqiang";Assessing the effectiveness and fairness of carbon tax based on the water-energy-carbon nexus of household water use;10.1016/j.jclepro.2022.132063;2022;2;3;2;1;2;True;2;2;2;1;False;Any
"Kotlikoff, Laurence; Kubler, Felix; Polbin, Andrey; Sachs, Jeffrey; Scheidegger, Simon";MAKING CARBON TAXATION A GENERATIONAL WIN WIN;10.1111/iere.12483;2021;2;2;2;1;2;False;2;2;2;1;False;Any
"Reanos, Miguel A. Tovar; Lynch, Muireann A.";Measuring carbon tax incidence using a fully flexible demand system. Vertical and horizontal effects using Irish data;10.1016/j.enpol.2021.112682;2022;2;2;3;1;2;False;2;2;2;1;False;Any
"Ahmadi, Esmaeil; McLellan, Benjamin; Ogata, Seiichi; Tezuka, Tetsuo";An integrated, socially equitable design for sustainable water and energy supply in Iran;10.1016/j.erss.2021.102262;2021;2;3;2;1;5;True;2;2;2;1;False;Any
"Zhang, Xiaoli; Cui, Xueqin; Li, Bo; Hidalgo-Gonzalez, Patricia; Kammen, Daniel M.; Zou, Ji; Wang, Ke";Immediate actions on coal phaseout enable a just low-carbon transition in China's power sector;10.1016/j.apenergy.2021.118401;2022;2;3;2;1;6;True;2;2;2;1;True;Martha
"Velasco-Herrejon, Paola; Bauwens, Thomas; Friant, Martin Calisto";Challenging dominant sustainability worldviews on the energy transition: Lessons from Indigenous communities in Mexico and a plea for pluriversal technologies;10.1016/j.worlddev.2021.105725;2022;3;1;3;2;6;True;3;1;2;2;True;Alex
"Lieu, Jenny; Sorman, Alevgul H.; Johnson, Oliver W.; Virla, Luis D.; Resurreccion, Bernadette P.";Three sides to every story: Gender perspectives in energy transition pathways in Canada, Kenya and Spain;10.1016/j.erss.2020.101550;2020;2;2;3;2;6;False;3;1;2;2;False;Any
"Lekavicius, V; Bobinaite, V; Galinis, A.; Pazeraite, A.";Distributional impacts of investment subsidies for residential energy technologies;10.1016/j.rser.2020.109961;2020;3;2;2;1;6;True;2;2;2;1;False;Any
"Owen, Anne; Barrett, John";Reducing inequality resulting from UK low-carbon policy;10.1080/14693062.2020.1773754;2020;2;3;2;1;6;True;2;2;2;1;False;Any
"Pedersen, Tim T.; Victoria, Marta; Rasmussen, Morten G.; Andresen, Gorm B.";Modeling all alternative solutions for highly renewable energy systems;10.1016/j.energy.2021.121294;2021;3;3;1;1;6;True;2;3;1;1;True;Any
"Brugger, Heike I.; Henry, Adam Douglas";Equity of Incentives: Agent-Based Explorations of How Social Networks Influence the Efficacy of Programs to Promote Solar Adoption;10.1155/2019/4349823;2019;2;3;2;1;7;False;2;2;2;1;False;Any
"Lukanov, Boris R.; Krieger, Elena M.";Distributed solar and environmental justice: Exploring the demographic and socio-economic trends of residential PV adoption in California;10.1016/j.enpol.2019.110935;2019;2;3;2;1;8;True;2;2;2;1;True;Martha
"Sotolongo, Marisa; Kuhl, Laura; Baker, Shalanda H.";Using environmental justice to inform disaster recovery: Vulnerability and electricity restoration in Puerto Rico;10.1016/j.envsci.2021.04.004;2021;3;2;2;1;8;True;2;2;2;1;False;Any
"Feger, Fabian; Radulescu, Doina";When environmental and redistribution concerns collide: The case of electricity pricing;10.1016/j.eneco.2020.104828;2020;2;3;2;1;9;True;2;2;2;1;False;Any
Meng, Qingmin;Fracking equity: A spatial justice analysis prototype;10.1016/j.landusepol.2017.10.021;2018;3;2;1;2;9;True;3;2;2;2;False;Any
"Murias, Pilar; Valcarcel-Aguiar, Beatriz; Maria Regueiro-Ferreira, Rosa";A Territorial Estimate for Household Energy Vulnerability: An Application for Spain;10.3390/su12155904;2020;3;2;2;1;9;True;2;2;2;1;False;Any
"Robinson, Caitlin; Mattioli, Giulio";Double energy vulnerability: Spatial intersections of domestic and transport energy poverty in England;10.1016/j.erss.2020.101699;2020;2;3;2;1;9;False;2;2;2;1;False;Any
"Sanchez-Guevara Sanchez, Carmen; Sanz Fernandez, Ana; Nunez Peiro, Miguel; Gomez Munoz, Gloria";Energy poverty in Madrid: Data exploitation at the city and district level;10.1016/j.enpol.2020.111653;2020;3;2;2;1;9;False;2;2;2;1;False;Any
"Sasse, Jan-Philipp; Trutnevyte, Evelina";Distributional trade-offs between regionally equitable and cost-efficient allocation of renewable electricity generation;10.1016/j.apenergy.2019.113724;2019;3;3;1;1;1;True;2;2;2;1;True;Martha
"Sun, Yanlong; Kang, Chongqing; Xia, Qing; Chen, Qixin; Zhang, Ning; Cheng, Yaohua";Analysis of transmission expansion planning considering consumption-based carbon emission accounting;10.1016/j.apenergy.2017.02.035;2017;3;2;2;1;2;True;2;2;2;1;False;Any
"Menghwani, Vikas; Zerriffi, Hisham; Korkovelos, Alexandros; Khavari, Babak; Sahlberg, Andreas; Howells, Mark; Mentis, Dimitris";Planning with justice: Using spatial modelling to incorporate justice in electricity pricing - The case of Tanzania;10.1016/j.apenergy.2020.114749;2020;2;3;2;1;4;True;2;2;2;1;False;Any
"Chapman, Andrew J.; McLellan, Benjamin C.; Tezuka, Tetsuo";Prioritizing mitigation efforts considering co-benefits, equity and energy justice: Fossil fuel to renewable energy transition pathways;10.1016/j.apenergy.2018.03.054;2018;3;3;1;1;6;True;3;2;1;2;False;Any
"Heymann, Fabian; Miranda, Vladimiro; Soares, Filipe Joel; Duenas, Pablo; Arriaga, Ignacio Perez; Prata, Ricardo";Orchestrating incentive designs to reduce adverse system-level effects of large-scale EV/PV adoption - The case of Portugal;10.1016/j.apenergy.2019.113931;2019;3;3;1;1;6;True;2;2;2;1;False;Any
"While, Aidan; Eadson, Will";Households in place: socio-spatial (dis)advantage in energy-carbon restructuring;10.1080/09654313.2019.1595533;2019;2;2;3;2;6;True;3;1;2;2;False;Any
"Siksnelyte-Butkiene, Indre; Streimikiene, Dalia; Lekavicius, Vidas; Balezentis, Tomas";Energy poverty indicators: A systematic literature review and comprehensive analysis of integrity;10.1016/j.scs.2021.102756;2021;3;1;3;2;9;True;3;1;2;2;False;Any
"Sonja, Klinsky; Harald, Winkler";Building equity in: strategies for integrating equity into modelling for a 1.5 degrees C world;10.1098/rsta.2016.0461;2018;3;2;2;1;9;False;3;1;2;2;False;Any
"Sigrin, Ben; Sekar, Ashok; Tome, Emma";The solar influencer next door: Predicting low income solar referrals and leads;10.1016/j.erss.2021.102417;2022;2;2;2;1;8;False;2;3;2;1;False;Martha
"Dorman, Diana R.; Ciplet, David";Sustainable Energy for All? Assessing Global Distributive Justice in the Green Climate Fund's Energy Finance;10.1162/glep_a_00621;2022;3;2;3;1;3;True;3;2;2;2;False;Any
"Martinez-Hernandez, Elias; Sadhukhan, Jhuma; Aburto, Jorge; Amezcua-Allieri, Myriam A.; Morse, Stephen; Murphy, Richard";Modelling to analyse the process and sustainability performance of forestry-based bioenergy systems;10.1007/s10098-022-02278-1;2022;3;3;2;1;9;True;3;2;2;1;True;Any
"Fragkos, Panagiotis; Fragkiadakis, Kostas; Sovacool, Benjamin; Paroussos, Leonidas; Vrontisi, Zoi; Charalampidis, Ioannis";Equity implications of climate policy: Assessing the social and distributional impacts of emission reduction targets in the European Union;10.1016/j.energy.2021.121591;2021;2;3;3;1;2;True;2;3;2;1;True;Any
"Damgaard, Caroline; McCauley, Darren; Long, Jed";Assessing the energy justice implications of bioenergy development in Nepal;10.1186/s13705-017-0111-6;2017;3;3;2;1;9;True;2;3;2;1;True;Martha
"Hemmerling, Scott A.; DeMyers, Christine A.; Parfait, Jessica";Tracing the Flow of Oil and Gas: A Spatial and Temporal Analysis of Environmental Justice in Coastal Louisiana from 1980 to 2010;10.1089/env.2020.0052;2021;3;2;3;1;9;False;2;3;2;1;True;Any
"Fan, Shengyue; Zha, Shuai; Zhao, Chenxi; Sizheng, Fangyuan; Li, Meihui";Using energy vulnerability to measure distributive injustice in rural heating energy reform: A case study of natural gas replacing bulk coal for heating in Gaocheng District, Hebei Province, China;10.1016/j.ecolecon.2022.107456;2022;3;3;3;1;9;True;2;3;3;1;True;Martha
"Todd, Iain; McCauley, Darren";An inter-disciplinary approach to the energy transition in South Africa.;10.1007/s43621-021-00043-w;2021;1;1;1;2;6;False;1;1;1;2;False;Any
"Lucia, Umberto; Grisolia, Giulia";Irreversible Thermodynamics and Bioeconomy: Toward a Human-Oriented Sustainability;10.3389/fphy.2021.659342;2021;1;1;1;1;9;False;2;0;1;2;False;Any
"Chapman, Andrew; Fraser, Timothy; Dennis, Melanie";Investigating Ties between Energy Policy and Social Equity Research: A Citation Network Analysis;10.3390/socsci8050135;2019;2;0;1;2;7;False;2;0;1;2;False;Any
"Baum, Fran; Delany-Crowe, Toni; Fisher, Matthew; MacDougall, Colin; Harris, Patrick; McDermott, Dennis; Marinova, Dora";Qualitative protocol for understanding the contribution of Australian policy in the urban planning, justice, energy and environment sectors to promoting health and health equity;10.1136/bmjopen-2018-025358;2018;2;1;0;2;8;False;3;0;0;1;True;Any
"Hahnel, Ulf J. J.; Fell, Michael J.";Pricing decisions in peer-to-peer and prosumer-centred electricity markets: Experimental analysis in Germany and the United Kingdom;10.1016/j.rser.2022.112419;2022;1;1;2;1;8;False;1;2;1;3;False;Any
"Hernandez, Diana; Yoon, Liv; Simcock, Neil";Basing Energy Justice on Clear Terms: Assessing Key Terminology in Pursuit of Energy Justice;10.1089/env.2021.0049;2022;2;2;0;2;9;False;3;0;1;2;False;Any
"Paravantis, J.A.; Ballis, A.; Tsirigotis, D.; Kontoulis, N.; Dourmas, V.";A Geopolitical Review of Definitions, Dimensions and Indicators of Energy Security;10.1109/IISA.2018.8633676;2018;2;0;2;2;9;False;2;1;1;2;False;Any
Stephens, Jennie C.;Electrification: Opportunities for social justice and social innovation;10.1557/s43577-021-00245-7;2021;1;1;2;2;6;False;1;1;2;2;False;Alex
"Fu, Fang Yu; Alharthi, Majed; Bhatti, Zobia; Sun, Licheng; Rasul, Farhat; Hanif, Imran; Iqbal, Wasim";The dynamic role of energy security, energy equity and environmental sustainability in the dilemma of emission reduction and economic growth;10.1016/j.jenvman.2020.111828;2021;2;2;0;1;8;False;1;2;1;2;False;Any
"Pelz, Setu; Pachauri, Shonali; Rao, Narasimha";Application of an alternative framework for measuring progress towards SDG 7.1;10.1088/1748-9326/ac16a1;2021;2;1;2;2;4;False;3;1;1;2;False;Any
"Ravindra, Khaiwal; Kaur-Sidhu, Maninder; Mor, Suman";Transition to clean household energy through an application of integrated model: Ensuring sustainability for better health, climate and environment;10.1016/j.scitotenv.2021.145657;2021;2;2;1;1;4;False;2;1;2;2;False;Any
"Soergel, Bjoern; Kriegler, Elmar; Bodirsky, Benjamin Leon; Bauer, Nico; Leimbach, Marian; Popp, Alexander";Combining ambitious climate policies with efforts to eradicate poverty;10.1038/s41467-021-22315-9;2021;1;2;2;1;2;False;1;2;2;2;False;Any
"Schloer, Holger; Venghaus, Sandra; Hake, Juergen-Friedrich";The FEW-Nexus city index - Measuring urban resilience;10.1016/j.apenergy.2017.02.026;2018;2;1;2;2;5;False;2;1;2;2;False;Any
"Wang, Xinxin; Lo, Kevin";Just transition: A conceptual review;10.1016/j.erss.2021.102291;2021;2;1;2;2;6;False;2;1;2;2;False;Alex
"Jenkins, Kirsten; Sovacool, Benjamin K.; McCauley, Darren";Humanizing sociotechnical transitions through energy justice: An ethical framework for global transformative change;10.1016/j.enpol.2018.02.036;2018;2;2;1;2;6;False;2;2;1;2;False;Any
"Chen, Yihsu; Tanaka, Makoto; Takashima, Ryuta";Energy Expenditure Incidence in the Presence of Prosumers: Can a Fixed Charge Lead Us to the Promised Land?;10.1109/TPWRS.2021.3104770;2022;2;1;2;1;7;False;1;2;2;2;False;Any
"Nielsen, Kristian S.; Nicholas, Kimberly A.; Creutzig, Felix; Dietz, Thomas; Stern, Paul C.";The role of high-socioeconomic-status people in locking in or rapidly reducing energy-driven greenhouse gas emissions;10.1038/s41560-021-00900-y;2021;2;1;2;2;8;False;2;1;2;2;False;Any
"Caretta, Martina Angela; McHenry, Kristen Abatsis";Pipelining Appalachia: A perspective on the everyday lived experiences of rural communities at the frontline of energy distribution networks development;10.1016/j.erss.2019.101403;2020;2;1;2;2;9;False;2;1;2;2;False;Any
"Nordholm, Amber; Sareen, Siddharth";Scalar Containment of Energy Justice and Its Democratic Discontents: Solar Power and Energy Poverty Alleviation;10.3389/frsc.2021.626683;2021;2;1;2;1;9;False;2;1;2;2;False;Any
"Jenkins, Kirsten E. H.; Sovacool, Benjamin K.; Mouter, Niek; Hacking, Nick; Burns, Mary-Kate; McCauley, Darren";The methodologies, geographies, and technologies of energy justice: a systematic and comprehensive review;10.1088/1748-9326/abd78c;2021;1;1;3;2;9;True;2;1;2;2;False;Any
Ryder, Stacia S.;Developing an intersectionally-informed, multi-sited, critical policy ethnography to examine power and procedural justice in multiscalar energy and climate change decisionmaking processes;10.1016/j.erss.2018.08.005;2018;2;2;1;2;9;False;2;1;2;2;False;Alex
"Banerjee, Aparajita; Prehoda, Emily; Sidortsov, Roman; Schelly, Chelsea";Renewable, ethical? Assessing the energy justice potential of renewable electricity;10.3934/energy.2017.5.768;2017;2;3;0;2;6;True;3;0;2;2;False;Any
"Frate, Claudio Albuquerque; Brannstrom, Christian; Girao de Morais, Marcus Vinicius; Caldeira-Pires, Armando de Azevedo";Procedural and distributive justice inform subjectivity regarding wind power: A case from Rio Grande do Norte, Brazil;10.1016/j.enpol.2019.05.027;2019;2;2;2;2;6;False;2;2;2;1;False;Any
"Zimmermann, Michel; Pye, Steve";Inequality in energy and climate policies: Assessing distributional impact consideration in UK policy appraisal;10.1016/j.enpol.2018.08.062;2018;2;2;2;2;6;False;2;2;2;2;False;Any
"Davidson, Natalia; Mariev, Oleg; Turkanova, Sophia";Does income inequality matter for CO2 emissions in Russian regions?;10.24136/eq.2021.019;2021;2;2;2;1;8;False;2;2;2;1;False;Any
Odhiambo, Nicholas M.;Financial development, income inequality and carbon emissions in sub-Saharan African countries: A panel data analysis;10.1177/0144598720941999;2020;1;3;2;1;8;False;2;2;2;1;False;Any
"Qu, Jiansheng; Liu, Lina; Zeng, Jingjing; Maraseni, Tek Narayan; Zhang, Zhiqiang";City-Level Determinants of Household CO2 Emissions per Person: An Empirical Study Based on a Large Survey in China;10.3390/land11060925;2022;2;2;2;1;8;False;2;2;2;1;False;Any
"Brown, Marilyn A.; Chapman, Oliver";The size, causes, and equity implications of the demand-response gap;10.1016/j.enpol.2021.112533;2021;2;2;2;1;9;False;2;2;2;1;False;Any
"Jorgenson, Dale W.; Goettle, Richard J.; Ho, Mun S.; Wilcoxen, Peter J.";THE WELFARE CONSEQUENCES OF TAXING CARBON;10.1142/S2010007818400134;2018;2;2;2;1;2;False;2;2;2;1;False;Any
"Ohlendorf, Nils; Jakob, Michael; Minx, Jan Christoph; Schroeder, Carsten; Steckel, Jan Christoph";Distributional Impacts of Carbon Pricing: A Meta-Analysis;10.1007/s10640-020-00521-1;2021;2;2;2;2;2;False;2;2;2;1;False;Any
"Hanke, Florian; Guyet, Rachel; Feenstra, Marielle";Do renewable energy communities deliver energy justice? Exploring insights from 71 European cases;10.1016/j.erss.2021.102244;2021;2;2;2;2;6;False;2;2;2;1;False;Any
"Fraser, Timothy; Chapman, Andrew J.";Social equity impacts in Japan's mega-solar siting process;10.1016/j.esd.2017.11.002;2018;2;2;2;1;6;False;2;2;2;2;False;Any
"Li, Nan; Yuan, Rong; Wang, Juan";Analysis of current and future energy inequality by energy categories in China;10.1016/j.spc.2022.04.029;2022;2;2;2;1;8;False;2;2;2;1;False;Any
"Zhang, Jingfei; Zheng, Zhicheng; Zhang, Lijun; Qin, Yaochen; Wang, Jingfan; Cui, Panpan";Digital consumption innovation, socio-economic factors and low-carbon consumption: Empirical analysis based on China;10.1016/j.techsoc.2021.101730;2021;2;2;2;1;8;False;2;2;2;1;False;Any
"Alvial-Palavicino, Carla; Ureta, Sebastian";Economizing justice: Turning equity claims into lower energy tariffs in Chile;10.1016/j.enpol.2017.02.013;2017;2;2;2;2;9;False;3;2;1;2;False;Any
"Aristondo, Oihana; Onaindia, Eneritz";Counting energy poverty in Spain between 2004 and 2015;10.1016/j.enpol.2017.11.027;2018;2;2;2;1;9;False;2;2;2;1;False;Any
"Feng, Tong; Du, Huibin; Coffman, D'Maris; Qu, Aiyu; Dong, Zhanfeng";Clean heating and heating poverty: A perspective based on cost-benefit analysis;10.1016/j.enpol.2021.112205;2021;2;2;2;1;9;False;2;2;2;1;False;Luisa
"Siciliano, Giuseppina; Urban, Frauke; Tan-Mullins, May; Mohan, Giles";Large dams, energy justice and the divergence between international, national and local developmental needs and priorities in the global South;10.1016/j.erss.2018.03.029;2018;3;2;1;2;9;True;3;2;1;2;True;Any
"Wyse, Susan Morrissey; Das, Runa R.; Hoicka, Christina E.; Zhao, Yuxu; Mcmaster, Maria-Louise";Investigating Energy Justice in Demand-Side Low-Carbon Innovations in Ontario;10.3389/frsc.2021.633122;2021;2;2;2;2;9;False;3;2;1;2;True;Any
"Renner, Sebastian; Lay, Jann; Schleicher, Michael";The effects of energy price changes: heterogeneous welfare impacts and energy poverty in Indonesia;10.1017/S1355770X18000402;2019;2;2;2;1;9;False;2;2;2;1;False;Any
"El Mekaoui, Amina; Tariq, Rasikh; Ramirez, Othon Banos; Mendez-Monroy, P. E.";Sustainability, Sociocultural Challenges, and New Power of Capitalism for Renewable Energy Megaprojects in an Indigenous Mayan Community of Mexico;10.3390/su12187432;2020;1;2;3;2;9;True;3;1;2;2;True;Alex
Neumann, Fabian;Costs of regional equity and autarky in a renewable European power system;10.1016/j.esr.2021.100652;2021;2;3;1;1;1;True;2;2;2;1;False;Martha
"Nock, Destenie; Levin, Todd; Baker, Erin";Changing the policy paradigm: A benefit maximization approach to electricity planning in developing countries;10.1016/j.apenergy.2020.114583;2020;2;3;1;1;4;True;2;2;2;1;False;Any
"Chapman, Andrew John; Pambudi, Nugroho Agung";Strategic and user-driven transition scenarios: Toward a low carbon society, encompassing the issues of sustainability and societal equity in Japan.;10.1016/j.jclepro.2017.10.225;2018;2;2;2;1;6;True;2;3;1;1;False;Alex
"Zuk, Piotr; Zuk, Pawel";Energy ageism: The framework of the problem and the challenges of a just energy transition;10.1016/j.eist.2022.04.006;2022;2;1;3;2;6;True;3;1;2;2;False;Any
"Meyer, Sandrine; Laurence, Holzemer; Bart, Delbeke; Lucie, Middlemiss; Kevin, Marechal";Capturing the multifaceted nature of energy poverty: Lessons from Belgium;10.1016/j.erss.2018.01.017;2018;3;2;1;2;9;True;3;2;1;2;False;Any
"Yip, Annie On-ni; Mah, Daphne Ngar-yin; Barber, Lachlan B.";Revealing hidden energy poverty in Hong Kong: a multi-dimensional framework for examining and understanding energy poverty;10.1080/13549839.2020.1778661;2020;2;2;2;2;9;False;3;1;2;2;True;Any
"Velasco-Herrejon, Paola; Bauwens, Thomas";Energy justice from the bottom up: A capability approach to community acceptance of wind energy in Mexico;10.1016/j.erss.2020.101711;2020;2;1;3;2;9;True;3;1;2;2;True;Alex
"Hazrati, M.; Heffron, R. J.";Conceptualising restorative justice in the energy Transition: Changing the perspectives of fossil fuels;10.1016/j.erss.2021.102115;2021;2;2;2;2;9;True;3;1;2;2;True;Any
"Fetanat, Abdolvahhab; Mofid, Hossein; Mehrannia, Mojtaba; Shafipour, Gholamreza";Informing energy justice based decision-making framework for waste-to-energy technologies selection in sustainable waste management: A case of Iran;10.1016/j.jclepro.2019.04.215;2019;2;3;1;1;9;True;2;3;1;1;True;Any
Mazzone, Antonella;Thermal comfort and cooling strategies in the Brazilian Amazon. An assessment of the concept of fuel poverty in tropical climates;10.1016/j.enpol.2020.111256;2020;3;2;1;2;9;True;2;2;2;2;False;Luisa
"Mittal, Anuj; Krejci, Caroline C.; Dorneich, Michael C.";An agent-based approach to designing residential renewable energy systems;10.1016/j.rser.2019.06.034;2019;1;3;2;1;6;False;2;2;2;1;False;Any
"Ferrall, Isa; Callaway, Duncan; Kammen, Daniel M.";Measuring the reliability of SDG 7: the reasons, timing, and fairness of outage distribution for household electricity access solutions;10.1088/2515-7620/ac6939;2022;3;2;2;1;4;False;3;2;2;1;False;Any
Buylova, Alexandra;Spotlight on energy efficiency in Oregon: Investigating dynamics between energy use and socio-demographic characteristics in spatial modeling of residential energy consumption;10.1016/j.enpol.2020.111439;2020;2;2;3;1;8;False;2;2;3;1;True;Any
Reanos, Miguel A. Tovar;Fuel for poverty: A model for the relationship between income and fuel poverty. Evidence from Irish microdata;10.1016/j.enpol.2021.112444;2021;2;2;3;1;8;False;2;2;3;1;True;Jonathan
Seebauer, Sebastian;How to make building renovation work for low-income renters: Preferences for distributional principles and procedural options in Austria;10.1016/j.erss.2021.102270;2021;2;2;3;1;8;False;3;2;2;1;False;Luisa
"Atalla, Tarek; Bigerna, Simona; Bollino, Carlo Andrea; Polinori, Paolo";An alternative assessment of global climate policies;10.1016/j.jpolmod.2018.02.003;2018;2;3;2;1;2;False;2;3;2;1;True;Any
"Huang, Hai; Roland-Holst, David; Springer, Cecilia; Lin, Jiang; Cai, Wenjia; Wang, Can";Emissions trading systems and social equity: A CGE assessment for China;10.1016/j.apenergy.2018.11.056;2019;2;2;3;1;2;True;2;2;3;1;True;Any
Saelim, Supawan;Carbon tax incidence on household demand: Effects on welfare, income inequality and poverty incidence in Thailand;10.1016/j.jclepro.2019.06.218;2019;2;3;2;1;2;True;2;3;2;1;True;Any
"Bolwig, Simon; Bolkesjo, Torjus Folsland; Klitkou, Antje; Lund, Peter D.; Bergaentzle, Claire; Borch, Kristian; Olsen, Ole Jess; Kirkerud, Jon Gustav; Chen, Yi-kuang; Gunkel, Philipp Andreas; Skytte, Klaus";Climate-friendly but socially rejected energy-transition pathways: The integration of techno-economic and socio-technical approaches in the Nordic-Baltic region;10.1016/j.erss.2020.101559;2020;3;3;1;1;6;True;2;3;2;1;False;Any
Stewart, Fraser;Friends with benefits: How income and peer diffusion combine to create an inequality trap in the uptake of low-carbon technologies;10.1016/j.enpol.2022.112832;2022;3;2;2;1;6;False;2;3;2;1;False;Any
"Hardadi, Gilang; Buchholz, Alexander; Pauliuk, Stefan";Implications of the distribution of German household environmental footprints across income groups for integrating environmental and social policy design;10.1111/jiec.13045;2021;2;1;2;1;8;False;2;2;3;1;False;Any
"Budolfson, Mark; Dennig, Francis; Fleurbaey, Marc; Siebert, Asher; Socolow, Robert H.";The comparative importance for optimal climate policy of discounting, inequalities and catastrophes;10.1007/s10584-017-2094-x;2017;3;3;1;1;9;True;2;3;2;1;True;Jonathan
"Heffron, Raphael J.; McCauley, Darren; de Rubens, Gerardo Zarazua";Balancing the energy trilemma through the Energy Justice Metric;10.1016/j.apenergy.2018.08.073;2018;3;3;1;1;9;True;2;3;2;1;True;Any
"An, Kangxin; Zhang, Shihui; Huang, Hai; Liu, Yuan; Cai, Wenjia; Wang, Can";Socioeconomic impacts of household participation in emission trading scheme: A Computable General Equilibrium-based case study;10.1016/j.apenergy.2021.116647;2021;2;3;2;1;2;True;2;3;2;1;True;Any
"Landis, Florian; Fredriksson, Gustav; Rausch, Sebastian";Between- and within-country distributional impacts from harmonizing carbon prices in the EU;10.1016/j.eneco.2021.105585;2021;2;3;2;1;2;True;2;3;2;1;True;Any
"Kuriyama, Akihisa; Abe, Naoya";Decarbonisation of the power sector to engender a 'Just transition' in Japan: Quantifying local employment impacts;10.1016/j.rser.2020.110610;2021;3;2;2;1;6;True;3;2;2;1;True;Jonathan
"Martenies, Sheena E.; Akherati, Ali; Jathar, Shantanu; Magzamen, Sheryl";Health and Environmental Justice Implications of Retiring Two Coal-Fired Power Plants in the Southern Front Range Region of Colorado;10.1029/2019GH000206;2019;2;3;2;1;6;False;2;3;2;1;False;Any
"Sanchez, Antonio; Zhang, Qi; Martin, Mariano; Vega, Pastora";Towards a new renewable power system using energy storage: An economic and social analysis;10.1016/j.enconman.2021.115056;2022;3;2;2;1;6;True;2;3;2;1;False;Any
"Cieplinski, A.; D'Alessandro, S.; Distefano, T.; Guarnieri, P.";Coupling environmental transition and social prosperity: a scenario-analysis of the Italian case;10.1016/j.strueco.2021.03.007;2021;2;3;2;1;9;True;2;3;2;1;False;Any
"Sampedro, Jon; Iyer, Gokul; Msangi, Siwa; Waldhoff, Stephanie; Hejazi, Mohamad; Edmonds, James A.";Implications of different income distributions for future residential energy demand in the US;10.1088/1748-9326/ac43df;2022;2;3;2;1;9;True;2;3;2;1;True;Any
"Bourgeois, Cyril; Giraudet, Louis-Gaetan; Quirion, Philippe";Lump-sum vs. energy-efficiency subsidy recycling of carbon tax revenue in the residential sector: A French assessment;10.1016/j.ecolecon.2021.107006;2021;2;3;3;1;2;True;2;3;3;1;True;Luisa
"Hong, Zhe; Park, In Kwon";Comparative Analysis of Energy Poverty Prediction Models Using Machine Learning Algorithms;10.17208/jkpa.2021.10.56.5.239;2021;2;3;3;1;8;True;2;3;3;1;True;Jonathan
